<?xml version="1.0" encoding="UTF-8"?>
<project-private xmlns="http://www.netbeans.org/ns/project-private/1">
    <editor-bookmarks xmlns="http://www.netbeans.org/ns/editor-bookmarks/2" lastBookmarkId="0"/>
    <open-files xmlns="http://www.netbeans.org/ns/projectui-open-files/2">
        <group>
            <file>file:/D:/Portfolio%20Design/My%20Github%20projects/JavaProject/StudentManagementSystem/src/schoolmanagementsystem/school_management_system.sql</file>
            <file>file:/D:/Portfolio%20Design/My%20Github%20projects/JavaProject/StudentManagementSystem/src/schoolmanagementsystem/Student.java</file>
            <file>file:/D:/Portfolio%20Design/My%20Github%20projects/JavaProject/StudentManagementSystem/src/schoolmanagementsystem/Exam.java</file>
            <file>file:/D:/Portfolio%20Design/My%20Github%20projects/JavaProject/StudentManagementSystem/src/schoolmanagementsystem/Classes.java</file>
            <file>file:/D:/Portfolio%20Design/My%20Github%20projects/JavaProject/StudentManagementSystem/src/schoolmanagementsystem/Login.java</file>
            <file>file:/D:/Portfolio%20Design/My%20Github%20projects/JavaProject/StudentManagementSystem/src/schoolmanagementsystem/Mark.java</file>
            <file>file:/D:/Portfolio%20Design/My%20Github%20projects/JavaProject/StudentManagementSystem/src/schoolmanagementsystem/Main.java</file>
            <file>file:/D:/Portfolio%20Design/My%20Github%20projects/JavaProject/StudentManagementSystem/src/schoolmanagementsystem/Teacher.java</file>
            <file>file:/D:/Portfolio%20Design/My%20Github%20projects/JavaProject/StudentManagementSystem/src/schoolmanagementsystem/Subject.java</file>
            <file>file:/D:/Portfolio%20Design/My%20Github%20projects/JavaProject/StudentManagementSystem/src/schoolmanagementsystem/User.java</file>
            <file>file:/D:/Portfolio%20Design/My%20Github%20projects/JavaProject/StudentManagementSystem/src/schoolmanagementsystem/About.java</file>
        </group>
    </open-files>
</project-private>
